{
  "optimization_method": "Bayesian",
  "best_score": 0.9897550594187271,
  "best_params": {
    "annealing_type": "sigmoid",
    "warmup_steps": 18,
    "steepness": 12.000165472207497
  },
  "golden_ratio": 1.618033988749895,
  "trajectory": [
    -5.0,
    -4.833333333333333,
    -4.666666666666667,
    -4.5,
    -4.333333333333333,
    -4.166666666666667,
    -4.0,
    -3.833333333333333,
    -3.666666666666667,
    -3.5,
    -3.333333333333333,
    -3.1666666666666665,
    -3.0,
    -2.8333333333333335,
    -2.6666666666666665,
    -2.5,
    -2.3333333333333335,
    -2.166666666666667,
    -1.9910547036774457,
    -1.9896490141840852,
    -1.988023163657895,
    -1.9861429183580386,
    -1.9839688053327662,
    -1.9814553389851897,
    -1.9785501431038708,
    -1.9751929575639642,
    -1.9713145190161137,
    -1.966835305562492,
    -1.9616641369172712,
    -1.9556966241818674,
    -1.9488134675430666,
    -1.9408786064399013,
    -1.931737235677199,
    -1.921213713350041,
    -1.9091094031634572,
    -1.895200515755578,
    -1.879236041955192,
    -1.8609359064248625,
    -1.8399895134603417,
    -1.8160549078334733,
    -1.7887588314317904,
    -1.7576980183807325,
    -1.7224421322840124,
    -1.6825388009539008,
    -1.6375212343624177,
    -1.5869189039997602,
    -1.530271695792498,
    -1.4671478011614352,
    -1.3971653596745526,
    -1.3200174969885952,
    -1.2354999134931102,
    -1.1435395973016578,
    -1.044222618676899,
    -0.9378184079243965,
    -0.824797553399194,
    -0.7058401211133476,
    -0.5818319117198012,
    -0.4538469895440387,
    -0.3231161938996776,
    -0.19098300562505255,
    -0.05884981735042727,
    0.07188097829393358,
    0.19986590046969654,
    0.3238741098632425,
    0.4428315421490896,
    0.555852396674291,
    0.6622566074267935,
    0.7615735860515529,
    0.8535339022430048,
    0.9380514857384901,
    1.0151993484244475,
    1.08518178991133,
    1.1483056845423931,
    1.2049528927496556,
    1.2555552231123128,
    1.3005727897037955,
    1.3404761210339067,
    1.3757320071306278,
    1.406792820181685,
    1.4340888965833676,
    1.4580235022102368,
    1.4789698951747576,
    1.4972700307050868,
    1.5132345045054727,
    1.5271433919133521,
    1.539247702099936,
    1.549771224427094,
    1.5589125951897964,
    1.5668474562929613,
    1.5737306129317625,
    1.579698125667166,
    1.5848692943123872,
    1.5893485077660086,
    1.5932269463138593,
    1.5965841318537652,
    1.5994893277350846,
    1.6020027940826616,
    1.604176907107934,
    1.6060571524077898,
    1.6076830029339804
  ],
  "timestamp": 1763822512.4076295
}