{
  "total_samples": 0,
  "session_id": "20251106_225938",
  "collection_time": 12.179204940795898,
  "sources": {
    "wikipedia_ja": 0,
    "cc100_ja": 0,
    "mc4_ja": 0
  },
  "domains": {},
  "avg_quality": NaN,
  "timestamp": "2025-11-06T22:59:50.539714"
}